Upper X, Upper Y, Lower X, Lower Y
0.0,0.0,0.0,0.0
0.0038220763918395363,0.012682908139153381,0.006228174864441871,-0.011684195985419891
0.008393238788426986,0.017989588929417703,0.011707263724135828,-0.016004790565740022
0.013093960469511714,0.022069305114768453,0.017056793299332507,-0.019111046484935872
0.01786416682197605,0.025506149779102566,0.022336838203149578,-0.021587056826904392
0.022680251791547684,0.028526406348068797,0.027571004489859354,-0.023659105017294322
0.027529934884835197,0.031246167856573963,0.03277157265285324,-0.025443284091012486
0.032405813932359195,0.033734436792771064,0.03794594486161065,-0.02700859653621189
0.03730299314428949,0.03603620631173809,0.04309901690596177,-0.02840003550797051
0.04221801881112836,0.03818275960645206,0.048234242495404304,-0.029648884199265375
0.04714833573448092,0.040196901679287377,0.053354176828333155,-0.030777947612470883
0.052091982798559595,0.04209587383369829,0.05846078102053589,-0.03180446705104129
0.05704741022274604,0.043893094036143374,0.06355560485263084,-0.03274186048143517
0.06201336373834609,0.04559925419263401,0.06863990259331222,-0.03360081980966388
0.06698880790027897,0.04722304291692162,0.07371470968766072,-0.03439003364947888
0.07197287344858792,0.048771639087406955,0.0787808953956332,-0.0351166808792809
0.07696482006964618,0.050251059227693046,0.08383920003085633,-0.035786778022672966
0.08196400936561461,0.051666408377796624,0.0888902619911693,-0.03640543011967183
0.08696988479404223,0.05302206533213551,0.0939346378190231,-0.036977015964695284
0.09198195649001298,0.05432182208413451,0.09897281737933375,-0.03750532755116817
0.0969997895858292,0.05556899059681407,0.10400523553979896,-0.0379936768421109
0.10202299508597641,0.05676648579555351,0.10903228129593313,-0.03844497876290282
0.10705122264194154,0.057916890951017964,0.11405430499624943,-0.03886181658420904
0.11208415476186973,0.05902250981413137,0.11907162413260264,-0.039246494056953525
0.11712150211924426,0.06008540864291405,0.1240845280315095,-0.03960107743915657
0.12216299971417068,0.06110745041774513,0.12909328169286446,-0.03992742971119732
0.12720840370380906,0.062090322949341525,0.13409812895950754,-0.040227238683792674
0.13225748876356094,0.06303556216101726,0.13909929515603706,-0.04050204028025667
0.13731004587334514,0.06394457152061239,0.14409698930253426,-0.040753237968429376
0.1423658804473863,0.06481863837272453,0.1490914059847745,-0.04098211909290837
0.147424810743893,0.06565894775483803,0.15408272694454925,-0.041189868691178036
0.15248666650453355,0.06646659415538213,0.1590711224401901,-0.04137758125166757
0.15755128778392555,0.06724259157636119,0.16405675241707948,-0.041546270776381386
0.1626185239372828,0.06798788219002404,0.16903976752000363,-0.0416968794375683
0.16768823274051897,0.06870334382238885,0.17402030997304885,-0.041830285061246454
0.17276027962192486,0.06938979645220852,0.1789985143479244,-0.04194730762616879
0.17783453698833765,0.07004800787915257,0.18397450823779302,-0.042048714932004766
0.18291088363174468,0.07067869868737976,0.18894841285066738,-0.04213522756291321
0.18798920420468207,0.07128254660863913,0.19392034353401139,-0.04220752325064313
0.19306938875474036,0.07186019037132335,0.19889041024023454,-0.04226624072358718
0.19815133231006915,0.0724122331075747,0.20385871794118715,-0.04231198311388768
0.20323493450906374,0.07293924537888971,0.20882536699847395,-0.04234532098304112
0.20832009926847317,0.07344176787113568,0.21379045349534592,-0.04236679501691483
0.2134067344850426,0.07392031380205434,0.21875406953505788,-0.04237691843325053
0.21849475176652447,0.07437537107784747,0.22371630350985747,-0.042376179138249995
0.2235840661884951,0.07480740423006109,0.22867724034416823,-0.04236504166345925
0.22867459607391688,0.07521685615949646,0.23363696171502785,-0.042343948909679546
0.23376626279280757,0.0756041497101172,0.23859554625241855,-0.04231332372087451
0.23885899057973603,0.07596968909275989,0.2435530697217715,-0.04227357030788073
0.24395270636716443,0.07631386117578523,0.24850960519062454,-0.042225075539058896
0.24904733963291395,0.07663703665754303,0.25346522318115633,-0.042168210112758814
0.25414282226024937,0.07693957113359996,0.2584199918101024,-0.04210332962454717
0.2592390884092646,0.07722180607003479,0.26337397691736864,-0.04203077554050272
0.2643360743984133,0.07748406969269885,0.26832724218450127,-0.041950876086476796
0.2694337185951656,0.0777266778011304,0.27327984924403037,-0.041863947062007655
0.2745319613148919,0.07794993451477025,0.27823185778058557,-0.041770292586536126
0.2796307447271782,0.07815413295822489,0.2831833256245806,-0.04167020578466868
0.2847300127688689,0.07833955589154401,0.28813430883917135,-0.04156396941645499
0.28982971106320765,0.07850647629080126,0.2930848618011139,-0.04145185645796877
0.2949297868445203,0.07865515788367639,0.2980350372760827,-0.0413341306368897
0.300030188887939,0.07878585564422089,0.3029848864889455,-0.04121104692726929
0.30513086744372225,0.07889881625053854,0.30793445918944357,-0.041082852007211366
0.3102317741757722,0.07899427850871554,0.3128838037136751,-0.040949784682802054
0.3153328621039871,0.07907247374598632,0.3178329670417415,-0.04081207628127584
0.32043408555012953,0.07913362617581424,0.3227819948518805,-0.04066995101609605
0.3255354000869163,0.07917795323729586,0.32773093157137523,-0.040523626326359266
0.3306367624900685,0.0792056659110556,0.33267982042450434,-0.040373313192689914
0.3357381306930847,0.07921696901358716,0.3376287034777696,-0.04021921643158166
0.34083946374451984,0.07921206147180657,0.3425776216826158,-0.040061534969950546
0.34594072176757684,0.07919113657941583,0.34752661491584025,-0.03990046210149861
0.351041865921832,0.07915438223652371,0.35247572201786653,-0.03973618572633458
0.35614285836693377,0.07910198117383796,0.3574249808290461,-0.03956888857516621
0.3612436622281267,0.07903411116262256,0.3623744282241346,-0.03939874841925749
0.3663442415634675,0.07895094521150622,0.36732410014507516,-0.03922593826723715
0.37144456133260995,0.07885265175113207,0.3722740316322142,-0.039050626549748266
0.3765445873670466,0.07873939480755102,0.37722425685405897,-0.03887297729284179
0.3816442863417047,0.07861133416518502,0.3821748091356822,-0.03869315028093967
0.3867436257478024,0.07846862552011373,0.38712572098586595,-0.03851130121012157
0.3918425738668776,0.07831142062437632,0.3920770241230722,-0.03832758183242661
0.3969410997459119,0.07813986742192185,0.39702874950031924,-0.03814214009180393
0.40202299377355366,0.07795439662523947,0.40199710672895894,-0.037954845547685315
0.4070803265031798,0.07775779834652186,0.4069900252556141,-0.037763297646483424
0.4121374324076884,0.07755085363346241,0.411983170607387,-0.0375670148415127
0.41719429910882105,0.07733369558796188,0.4169765551625358,-0.03736613023467395
0.42225091451750363,0.07710645402133542,0.42197019101013455,-0.03716077363728227
0.42730726682495584,0.07686925555247251,0.4269640899589638,-0.036951071668227156
0.432363344494111,0.07662222370080912,0.43195826354608996,-0.036737147846944596
0.4374191362513273,0.07636547897444255,0.43695272304515514,-0.03651912268153189
0.4424746310783726,0.0760991389536958,0.4419474794743913,-0.036297113752312
0.44752981820466736,0.07582331837041545,0.44694254360437785,-0.036071235791131535
0.45258468709976973,0.07553812918326626,0.45193792596555693,-0.035841600756655254
0.4576392274660885,0.07524368064926659,0.4569336368555195,-0.03560831790590152
0.46269342923181184,0.07494007939179213,0.4619296863460776,-0.035371493862246015
0.4677472825440391,0.07462742946525831,0.4669260842901318,-0.035131232680104166
0.47280077776210316,0.07430583241667758,0.4719228403283491,-0.03488763590648844
0.4778539054510754,0.07397538734427468,0.47691996389565827,-0.03464080263962356
0.4829066563754397,0.07363619095332982,0.4819174642275753,-0.03439082958478974
0.48795902149292997,0.07328833760940844,0.4869153503663665,-0.034137811107552415
0.49301099194851905,0.07293191938912558,0.4919136311670589,-0.03388183928452665
0.4980625590685538,0.0725670261285836,0.4969123153033055,-0.033623003951814764
0.5031137143550266,0.07219374546961183,0.501911411273114,-0.033361392751246124
0.5081644494799774,0.07181216290392949,0.5069109274044447,-0.03309709117453993
0.5132147562800187,0.07142236181534499,0.5119108718606848,-0.03283018260550462
0.518264626750978,0.07102442352009694,0.516911252646007,-0.032560748360378755
0.5233140530426514,0.07061842730543705,0.521912077610615,-0.03228886772641407
0.5283630274536626,0.07020445046654683,0.526913354455885,-0.03201461799879207
0.5334115424264229,0.0697825683418764,0.5319150907394062,-0.031738074515962916
0.5384595905421856,0.06935285434698693,0.5369172938799249,-0.03145931069348772
0.5435071645161925,0.0689153800069735,0.5419199711621995,-0.031178398056461602
0.548554257192906,0.06847021498754109,0.5469231297417675,-0.030895406270589506
0.5536008615413239,0.0680174271248016,0.551926776649631,-0.030610403171983352
0.5586469706503734,0.06755708245385605,0.5569309187968627,-0.030323454795744165
0.5636925777243784,0.06708924523622196,0.5619355629791392,-0.030034625403389466
0.5687376760785998,0.06661397798616324,0.5669407158811992,-0.029743977509183145
0.5737822591348432,0.0661313414959755,0.5719463840812373,-0.029451571905420828
0.5788263204171312,0.0656413948602779,0.5769525740552307,-0.02915746768672168
0.5838698535474393,0.06514419549935871,0.5819592921812039,-0.02886172227337396
0.5889128522414896,0.06463979918161974,0.586966544743435,-0.02856439143377949
0.5939553103046025,0.06412826004516245,0.5919743379366036,-0.02826552930603969
0.5989972216276016,0.06360963061855499,0.5969826778698859,-0.027965188418722774
0.6040385801827716,0.06308396184081941,0.6019915705709974,-0.027663419710850755
0.6090793800198652,0.0625513030806738,0.607001021990185,-0.02736027255114172
0.6141196152621586,0.06201170215506398,0.612011038004173,-0.02705579475654148
0.6191592801025511,0.061465205347016647,0.617021624420062,-0.026750032610076798
0.6241983687997098,0.060911857422844995,0.6220327869791847,-0.02644303087806078
0.6292368756742557,0.06035170164873449,0.6270445313609203,-0.026134832826678934
0.6342747951049902,0.05978477980673773,0.632056863186467,-0.025825480237983863
0.6393121215251603,0.05921113221020306,0.6370697880225784,-0.02551501342532389
0.6443488494187598,0.05863079771866257,0.6420833113852603,-0.02520347124823113
0.6493849733168683,0.058043813752201995,0.6470974387434333,-0.0248908911267913
0.6544204877940221,0.057450216305335436,0.652112175522561,-0.024577309055518522
0.6594553874646192,0.0568500399604059,0.6571275271082451,-0.024262759616755756
0.6644896669793561,0.05624331790053103,0.6621434988497896,-0.02394727599362071
0.6695233210216939,0.055630081922114244,0.6671600960637333,-0.023630889982516754
0.6745563443043545,0.05501036244693855,0.6721773240373541,-0.023313632005226927
0.6795887315658453,0.054384188533860636,0.6771951880321447,-0.022995531120607888
0.6846204775670094,0.05375158789012173,0.6822136932872619,-0.022676615035900873
0.6896515770876042,0.05311258688229036,0.6872328450229486,-0.022356910117674426
0.6946820249229027,0.052467210546853243,0.6922526484439315,-0.022036441402415258
0.6997118158803212,0.05181548260046659,0.6972731087427945,-0.021715232606779572
0.7047409447760691,0.0511574254498832,0.702294231103328,-0.021393306137520156
0.7097694064318212,0.05049306020156702,0.7073160207038571,-0.02107068310110098
0.7147971956714134,0.049822406671008096,0.7123384827205463,-0.020747383313012093
0.7198243073175566,0.04914548339174968,0.7173616223306846,-0.020423425306796722
0.7248507361885737,0.04846230762413827,0.722385444715949,-0.020098826342801378
0.7298764770951544,0.04777289536380779,0.7274099550656498,-0.019773602416659992
0.7349015248371293,0.04707726134990791,0.732435158579956,-0.019447768267522224
0.7399258742002638,0.04637541907308643,0.737461060473103,-0.019121337386035886
0.7449495199530666,0.045667380783234846,0.7424876659765817,-0.01879432202209245
0.7499724568436184,0.04495315749700626,0.7475149803423113,-0.018466733192345042
0.7549946795964156,0.044232759005114156,0.7525430088457955,-0.018138580687507136
0.7600161829092302,0.04350619387942011,0.7575717567892624,-0.01780987307944032
0.7650369614499857,0.04277346947981848,0.7626012295047881,-0.017480617728038918
0.7700570098536474,0.04203459196092517,0.7676314323574078,-0.01715082078791887
0.775076322719128,0.04128956627857816,0.7726623707482088,-0.016820487214918155
0.7800948946062062,0.04053839619615635,0.777694050117412,-0.016489620772415656
0.7851127200324608,0.039781084290723336,0.7827264759474388,-0.01615822403747496
0.7901297934702163,0.039017631959002465,0.7877596537659646,-0.015826298406819435
0.7951461093435024,0.03824803942318928,0.7927935891489599,-0.015493844102644623
0.8001616620250256,0.037472305736607134,0.7978282877237182,-0.015160860178273873
0.8051764458331533,0.036690428789211554,0.8028637551718719,-0.0148273445236627
0.8101904550289095,0.035902405312948235,0.8078999972323971,-0.014493293870756823
0.8152036838129816,0.035108230886971036,0.8129370197046063,-0.014158703798710077
0.8202161263227394,0.03430789994272315,0.8179748284511299,-0.013823568738965678
0.825227776629264,0.03350140576888781,0.8230134294008867,-0.013487881980206827
0.830238628734387,0.03268874051621186,0.8280528285520452,-0.013151635673180402
0.8352486765677413,0.03186989520220733,0.8330930319749724,-0.012814820835398413
0.8402579139838205,0.031044859715734705,0.8381340458151744,-0.012477427355721358
0.8452663347590492,0.03021362282147238,0.8431758762962271,-0.012139443998827599
0.8502739325888615,0.029376172164275446,0.8482185297226963,-0.011800858409572278
0.8552807010847897,0.02853249427342862,0.8532620124830496,-0.011461657117240084
0.8602866337715616,0.02768257456679554,0.8583063310525592,-0.011121825539694655
0.8652917240842066,0.026826397354869146,0.8633514919961953,-0.010781347987428924
0.8702959653651713,0.025963945844725583,0.8683975019715121,-0.010440207667519059
0.875299350861441,0.025095202143885338,0.8734443677315239,-0.010098386687485528
0.8803018737216718,0.024220147264084137,0.8784920961275745,-0.009755866059064072
0.88530352699333,0.02333876112495732,0.8835406941121977,-0.009412625701890009
0.8903043036198385,0.02245102255763968,0.8885901687419705,-0.00906864444709813
0.8953041964377314,0.02155690930828418,0.893640527180359,-0.00872390004084143
0.9003031981738162,0.02065639804150185,0.8986917767005557,-0.008378369147730932
0.9053013014423428,0.019749464343725542,0.9037439246883106,-0.00803202735419947
0.9102984987421795,0.018836082726499823,0.9087969786447553,-0.007684849171791611
0.9152947824539968,0.017916226629699623,0.9138509461892192,-0.0073368080403822845
0.920290144837457,0.01698986842467958,0.9189058350620405,-0.006987876331326159
0.9252845780284111,0.016056979417356818,0.9239616531273678,-0.006638025350540329
0.9302780740361016,0.01511752985122863,0.9290184083759587,-0.006287225341522089
0.9352706247403726,0.014171488910327473,0.9340761089279692,-0.005935445488303908
0.9402622218888849,0.013218824722115502,0.9391347630357382,-0.005582653918347913
0.9452528570943389,0.01225950436031956,0.9441943790865656,-0.00522881770538099
0.9502425218317017,0.011293493847709987,0.9492549656054843,-0.004873902872173452
0.9552312074354412,0.010320758158823839,0.9543165312580262,-0.004517874393262368
0.9602189050967662,0.009341261222634071,0.9593790848529826,-0.004160696197620678
0.965205605860871,0.008354965925167664,0.9644426353451591,-0.003802331171275362
0.9701913006241872,0.007361834112073046,0.9695071918381243,-0.0034427411598748664
0.9751759801316394,0.0063618265911387275,0.9745727635869535,-0.003081886971207685
0.9801596349739072,0.0053549031347649685,0.9796393600009672,-0.002719728377674104
0.9851422555846925,0.004341022482389456,0.9847069906464634,-0.002356224118711783
0.9901238322379916,0.0033201423428687324,0.9897756652494457,-0.001991331903177269
0.9951043550453731,0.002292219396816301,0.9948453936983455,-0.0016250084116840489
1.00008381395326,0.001257209298899305,0.99991618604674,-0.001257209298899305
